cid,name,email
1,James,jbutt@gmail.com
2,Josephine,josephine_darakjy@darakjy.org
3,Art,art@venere.org
4,Lenna,lpaprocki@hotmail.com
5,Donette,donette.foller@cox.net
6,Simona,simona@morasca.com
7,Mitsue,mitsue_tollner@yahoo.com
8,Leota,leota@hotmail.com
9,Sage,sage_wieser@cox.net
10,Kris,kris@gmail.com
11,Minna,minna_amigon@yahoo.com
12,Abel,amaclead@gmail.com
13,Kiley,kiley.caldarera@aol.com
14,Graciela,gruta@cox.net
15,Cammy,calbares@gmail.com
16,Mattie,mattie@aol.com
17,Meaghan,meaghan@hotmail.com
18,Gladys,gladys.rim@rim.org
19,Yuki,yuki_whobrey@aol.com
20,Fletcher,fletcher.flosi@yahoo.com
21,Bette,bette_nicka@cox.net
22,Veronika,vinouye@aol.com
23,Willard,willard@hotmail.com
24,Maryann,mroyster@royster.com
25,Alisha,alisha@slusarski.com
26,Allene,allene_iturbide@cox.net
27,Chanel,chanel.caudy@caudy.org
28,Ezekiel,ezekiel@chui.com
29,Willow,wkusko@yahoo.com
30,Bernardo,bfigeroa@aol.com
31,Ammie,ammie@corrio.com
32,Francine,francine_vocelka@vocelka.com
33,Ernie,ernie_stenseth@aol.com
34,Albina,albina@glick.com
35,Alishia,asergi@gmail.com
36,Solange,solange@shinko.com
37,Jose,jose@yahoo.com
38,Rozella,rozella.ostrosky@ostrosky.com
39,Valentine,valentine_gillian@gmail.com
40,Kati,kati.rulapaugh@hotmail.com
41,Youlanda,youlanda@aol.com
42,Dyan,doldroyd@aol.com
43,Roxane,roxane@hotmail.com
44,Lavera,lperin@perin.org
45,Erick,erick.ferencz@aol.com
46,Fatima,fsaylors@saylors.org
47,Jina,jina_briddick@briddick.com
48,Kanisha,kanisha_waycott@yahoo.com
49,Emerson,emerson.bowley@bowley.org
50,Blair,bmalet@yahoo.com
51,Brock,bbolognia@yahoo.com
52,Lorrie,lnestle@hotmail.com
53,Sabra,sabra@uyetake.org
54,Marjory,mmastella@mastella.com
55,Karl,karl_klonowski@yahoo.com
56,Tonette,twenner@aol.com
57,Amber,amber_monarrez@monarrez.org
58,Shenika,shenika@gmail.com
59,Delmy,delmy.ahle@hotmail.com
60,Deeanna,deeanna_juhas@gmail.com
61,Blondell,bpugh@aol.com
62,Jamal,jamal@vanausdal.org
63,Cecily,cecily@hollack.org
64,Carmelina,carmelina_lindall@lindall.com
65,Maurine,maurine_yglesias@yglesias.com
66,Tawna,tawna@gmail.com
67,Penney,penney_weight@aol.com
68,Elly,elly_morocco@gmail.com
69,Ilene,ilene.eroman@hotmail.com
70,Vallie,vmondella@mondella.com
71,Kallie,kallie.blackwood@gmail.com
72,Johnetta,johnetta_abdallah@aol.com
73,Bobbye,brhym@rhym.com
74,Micaela,micaela_rhymes@gmail.com
75,Tamar,tamar@hotmail.com
76,Moon,moon@yahoo.com
77,Laurel,laurel_reitler@reitler.com
78,Delisa,delisa.crupi@crupi.com
79,Viva,viva.toelkes@gmail.com
80,Elza,elza@yahoo.com
81,Devorah,devorah@hotmail.com
82,Timothy,timothy_mulqueen@mulqueen.org
83,Arlette,ahoneywell@honeywell.com
84,Dominque,dominque.dickerson@dickerson.org
85,Lettie,lettie_isenhower@yahoo.com
86,Myra,mmunns@cox.net
87,Stephaine,stephaine@barfield.com
88,Lai,lai.gato@gato.org
89,Stephen,stephen_emigh@hotmail.com
90,Tyra,tshields@gmail.com
91,Tammara,twardrip@cox.net
92,Cory,cory.gibes@gmail.com
93,Danica,danica_bruschke@gmail.com
94,Wilda,wilda@cox.net
95,Elvera,elvera.benimadho@cox.net
96,Carma,carma@cox.net
97,Malinda,malinda.hochard@yahoo.com
98,Natalie,natalie.fern@hotmail.com
99,Lisha,lisha@centini.org
